{
  "data_rows": 50000,
  "test_rows": 10000,
  "fraud_rate": 0.0515,
  "models": {
    "XGBoost": {
      "precision": 0.8974358974358975,
      "recall": 0.6116504854368932,
      "f1": 0.7274826789838337,
      "auc_roc": 0.799266394050903,
      "ap": 0.6001586871771776
    },
    "LightGBM": {
      "precision": 0.8823529411764706,
      "recall": 0.6116504854368932,
      "f1": 0.7224770642201835,
      "auc_roc": 0.8004409619685655,
      "ap": 0.6022246792413384
    },
    "RF + RFE (hybrid)": {
      "precision": 0.9130434782608695,
      "recall": 0.6116504854368932,
      "f1": 0.7325581395348837,
      "auc_roc": 0.7992464340732173,
      "ap": 0.5994395662979722
    }
  },
  "api_model_features": [
    "TransactionAmt",
    "ProductCD",
    "card1",
    "card4",
    "card6",
    "P_emaildomain",
    "DeviceType",
    "V1",
    "V2",
    "V3",
    "V4",
    "V5"
  ]
}